{
    "000": {
        "0.001000": {
            "0.050000": {
                "act_eps": 0.0046628446348362385,
                "answer": 2.013343315916214e-06,
                "rap": 1.0046628446348362,
                "time": 1185424
            },
            "0.100000": {
                "act_eps": 0.011348738035778405,
                "answer": 2.026741839472251e-06,
                "rap": 1.0113487380357784,
                "time": 206793
            },
            "0.200000": {
                "act_eps": -0.004734997196362389,
                "answer": 1.994510050472065e-06,
                "rap": 0.9952650028036376,
                "time": 53723
            },
            "0.250000": {
                "act_eps": -0.03106042836832923,
                "answer": 1.9417539132547517e-06,
                "rap": 0.9689395716316708,
                "time": 33851
            },
            "brute": {
                "answer": 2.0039989800239917e-06,
                "time": 105
            }
        },
        "0.010000": {
            "0.050000": {
                "act_eps": -0.005737805370421012,
                "answer": 0.00020281758034085027,
                "rap": 0.994262194629579,
                "time": 1055973
            },
            "0.100000": {
                "act_eps": -0.01087768876334283,
                "answer": 0.0002017691056843489,
                "rap": 0.9891223112366572,
                "time": 207471
            },
            "0.200000": {
                "act_eps": 7.039712909273632e-05,
                "answer": 0.00020400238409125327,
                "rap": 1.0000703971290927,
                "time": 54558
            },
            "0.250000": {
                "act_eps": -0.01648003957524391,
                "answer": 0.0002006262932129226,
                "rap": 0.9835199604247561,
                "time": 31253
            },
            "brute": {
                "answer": 0.00020398802392,
                "time": 50
            }
        },
        "0.100000": {
            "0.050000": {
                "act_eps": -0.0024325870851533704,
                "answer": 0.023665491250061496,
                "rap": 0.9975674129148466,
                "time": 1250109
            },
            "0.100000": {
                "act_eps": 0.00281629641640202,
                "answer": 0.023790011563145596,
                "rap": 1.002816296416402,
                "time": 262254
            },
            "0.200000": {
                "act_eps": -0.0038705465003240347,
                "answer": 0.02363137825126352,
                "rap": 0.996129453499676,
                "time": 63698
            },
            "0.250000": {
                "act_eps": -0.016228698179711287,
                "answer": 0.02333820334734308,
                "rap": 0.9837713018202887,
                "time": 39078
            },
            "brute": {
                "answer": 0.023723200000000007,
                "time": 31
            }
        },
        "0.200000": {
            "0.050000": {
                "act_eps": -0.003084903555682472,
                "answer": 0.10510834751247163,
                "rap": 0.9969150964443175,
                "time": 1137188
            },
            "0.100000": {
                "act_eps": -0.004759589635664918,
                "answer": 0.10493177933018918,
                "rap": 0.9952404103643351,
                "time": 337708
            },
            "0.200000": {
                "act_eps": -0.010048807256702652,
                "answer": 0.10437411807521975,
                "rap": 0.9899511927432973,
                "time": 79953
            },
            "0.250000": {
                "act_eps": -0.002020144222931286,
                "answer": 0.10522060892205719,
                "rap": 0.9979798557770687,
                "time": 62192
            },
            "brute": {
                "answer": 0.10543360000000003,
                "time": 41
            }
        },
        "0.250000": {
            "0.050000": {
                "act_eps": 0.006582095439257696,
                "answer": 0.17054882183467893,
                "rap": 1.0065820954392577,
                "time": 1046977
            },
            "0.100000": {
                "act_eps": 0.0027717872579804403,
                "answer": 0.16990322762623009,
                "rap": 1.0027717872579804,
                "time": 273813
            },
            "0.200000": {
                "act_eps": -0.01614589720351367,
                "answer": 0.1666979363624906,
                "rap": 0.9838541027964863,
                "time": 71803
            },
            "0.250000": {
                "act_eps": 0.011694913126335305,
                "answer": 0.17141510490958903,
                "rap": 1.0116949131263353,
                "time": 48791
            },
            "brute": {
                "answer": 0.16943359375,
                "time": 47
            }
        },
        "0.500000": {
            "0.050000": {
                "act_eps": 0.02225569510441061,
                "answer": 0.6389098094402567,
                "rap": 1.0222556951044106,
                "time": 824953
            },
            "0.100000": {
                "act_eps": 0.02185817074858809,
                "answer": 0.6386613567178675,
                "rap": 1.021858170748588,
                "time": 259526
            },
            "0.200000": {
                "act_eps": 0.016835569799682926,
                "answer": 0.6355222311248018,
                "rap": 1.016835569799683,
                "time": 49148
            },
            "0.250000": {
                "act_eps": 0.04095023875267678,
                "answer": 0.650593899220423,
                "rap": 1.0409502387526768,
                "time": 26492
            },
            "brute": {
                "answer": 0.625,
                "time": 39
            }
        },
        "0.750000": {
            "0.050000": {
                "act_eps": 0.002109575012800846,
                "answer": 0.955625,
                "rap": 1.0021095750128008,
                "time": 178344
            },
            "0.100000": {
                "act_eps": -0.0011674347158218135,
                "answer": 0.9525,
                "rap": 0.9988325652841782,
                "time": 48310
            },
            "0.200000": {
                "act_eps": -0.003789042498719919,
                "answer": 0.95,
                "rap": 0.9962109575012801,
                "time": 8917
            },
            "0.250000": {
                "act_eps": -0.0005120327700972593,
                "answer": 0.953125,
                "rap": 0.9994879672299027,
                "time": 4969
            },
            "brute": {
                "answer": 0.95361328125,
                "time": 40
            }
        },
        "0.900000": {
            "0.050000": {
                "act_eps": -0.00018411136914830983,
                "answer": 0.998125,
                "rap": 0.9998158886308517,
                "time": 165006
            },
            "0.100000": {
                "act_eps": -0.0008101701597750255,
                "answer": 0.9975,
                "rap": 0.999189829840225,
                "time": 33347
            },
            "0.200000": {
                "act_eps": 0.0016940650027317261,
                "answer": 1.0,
                "rap": 1.0016940650027317,
                "time": 7891
            },
            "0.250000": {
                "act_eps": 0.0016940650027317261,
                "answer": 1.0,
                "rap": 1.0016940650027317,
                "time": 4929
            },
            "brute": {
                "answer": 0.9983088000000009,
                "time": 41
            }
        },
        "m": 7,
        "n": 5
    }
}
